USE EMPRESA;
SET FOREIGN_KEY_CHECKS = 0;

-- 1. Todos los CENTROS en una sola instrucci처n
INSERT INTO CENTROS (Numero, Nombre, Direccion) VALUES
(10, 'SEDE CENTRAL', 'C. ALCALA 820, MADRID'),
(20, 'RELACION CON CLIENTE', 'C. ATOCHA 405, MADRID');

-- 2. Todos los DEPARTAMENTOS en una sola instrucci처n
INSERT INTO DEPARTAMENTOS (Numero, Centro, Director, Tipo_dir, Presupuesto, Depto_jefe, Nombre) VALUES
(100, 10, 260, 'P', 12, null, 'DIRECCION GENERAL'),
(110, 20, 180, 'P', 15, 100, 'DIRECC.COMERCIAL'),
(111, 20, 180, 'F', 11, 110, 'SECTOR INDUSTRIAL'),
(112, 20, 270, 'P', 9, 100, 'SECTOR SERVICIOS'),
(120, 20, 150, 'F', 3, 100, 'ORGANIZACION'),
(121, 10, 150, 'P', 2, 120, 'PERSONAL'),
(122, 10, 350, 'P', 6, 120, 'PROCESO DE DATOS'),
(130, 10, 310, 'P', 2, 100, 'FINANZAS');

-- 3. Todos los EMPLEADOS en una sola instrucci처n
INSERT INTO EMPLEADOS (Cod, Departamento, Telefono, Fecha_nacimiento, Fecha_ingreso, Salario, Comision, Num_hijos, Nombre) VALUES
(110, 121, 350, '1914-02-05', '2010-11-01', 1310, null, 3, 'PONS, CESAR'),
(120, 112, 840, '1918-10-06', '2009-06-02', 1350, 110, 1, 'LASA, 03IO'),
(130, 112, 810, '1936-02-07', '2009-11-03', 1290, 110, 2, 'TEROL, LUCIANO'),
(150, 121, 340, '1939-01-09', '2010-08-04', 1440, null, 0, 'PEREZ, 07IO'),
(160, 111, 740, '1939-11-10', '2009-07-05', 1310, 110, 2, 'AGUIRRE, AUREO'),
(180, 110, 508, '1945-03-11', '2018-10-06', 1480, 50, 2, 'PEREZ, 03COS'),
(190, 121, 350, '1995-02-12', '2012-05-07', 1300, null, 4, 'VEIGA, 07IANA'),
(210, 100, 200, '1990-01-13', '2018-09-08', 1380, null, 2, 'GALVEZ, PILAR'),
(240, 111, 760, '1988-02-14', '2016-02-09', 1280, 100, 3, 'SANZ, LAVINIA'),
(250, 100, 250, '2001-03-15', '2017-10-10', 1450, null, 0, 'ALBA, ADRIANA'),
(260, 100, 220, '2000-07-16', '2019-12-11', 1720, null, 6, 'LOPEZ, ANTONIO'),
(270, 112, 800, '1975-09-17', '2021-05-12', 1380, 80, 3, 'GARCIA, 10AVIO'),
(280, 130, 410, '1950-10-18', '2021-01-13', 1290, null, 5, 'FLOR, DOROTEA'),
(285, 122, 620, '1999-02-19', '2020-10-14', 1380, null, 0, 'POLO, OTILIA'),
(290, 120, 910, '1991-02-20', '2018-11-15', 1270, null, 3, 'GIL, GLORIA'),
(310, 130, 480, '1987-01-21', '2020-11-16', 1420, null, 0, 'GARCIA, 08USTO'),
(320, 122, 620, '1995-02-22', '2019-12-17', 1405, null, 2, 'SANZ, CORNELIO'),
(330, 112, 850, '2001-03-23', '2019-08-18', 1280, 90, 0, 'DIEZ, AMELIA'),
(350, 122, 610, '1998-09-24', '2013-04-19', 1450, null, 1, 'CAMPS, AURELIO'),
(360, 111, 750, '1990-10-25', '2019-10-20', 1250, 100, 2, 'LARA, DORINDA'),
(370, 121, 360, '2000-01-26', '2020-06-21', 1190, null, 1, 'RUIZ, FABIOLA'),
(380, 112, 880, '2000-01-27', '2020-03-22', 1180, null, 0, '03TIN, MICAELA'),
(390, 110, 500, '2002-10-28', '2019-02-23', 1215, null, 1, 'MORAN, CARMEN'),
(400, 111, 780, '2001-11-29', '2018-08-24', 1185, null, 0, 'LARA, LUCRECIA'),
(410, 122, 660, '1996-10-30', '2014-07-25', 1175, null, 0, 'MU찾OZ, AZUCENA'),
(420, 130, 450, '1994-11-30', '2012-10-26', 1400, null, 0, 'FIERRO, CLAUDIA'),
(430, 122, 650, '1979-11-03', '2016-10-27', 1210, null, 1, 'MORA, VALERIANA'),
(440, 111, 760, '1988-02-07', '2017-09-28', 1210, 100, 0, 'DURAN, LIVIA'),
(450, 112, 880, '1999-02-07', '2011-10-29', 1210, 100, 0, 'PEREZ, SABINA'),
(480, 111, 760, '2002-02-08', '2014-04-30', 1210, 100, 1, 'PINO, DIANA'),
(490, 112, 880, '2000-06-01', '2019-01-09', 1180, 100, 0, 'TORRES, HORACIO'),
(500, 111, 750, '1997-10-02', '2019-01-10', 1200, 100, 0, 'VAZQUEZ, HONORIA');

SET FOREIGN_KEY_CHECKS = 1;